A,Center,Size,Fit Score
0.705754487382518,1071.4829311123742,506.45387514496804,99.08
